engine,state,case,repeat,operations,seconds,ops_per_second
ahin,start,clone,0,80000,0.00840979,9.51272e+06
ahin,start,clone,1,80000,0.0086105,9.29098e+06
ahin,start,clone,2,80000,0.00843137,9.48837e+06
ahin,start,legal_actions,0,20000,0.00609129,3.28338e+06
ahin,start,legal_actions,1,20000,0.00583575,3.42715e+06
ahin,start,legal_actions,2,20000,0.00577188,3.46508e+06
ahin,start,terminal,0,80000,5.05e-05,1.58416e+09
ahin,start,terminal,1,80000,4.9917e-05,1.60266e+09
ahin,start,terminal,2,80000,4.9833e-05,1.60536e+09
ahin,start,observation,0,20000,0.00788258,2.53724e+06
ahin,start,observation,1,20000,0.00799079,2.50288e+06
ahin,start,observation,2,20000,0.00801842,2.49426e+06
ahin,start,apply_take,0,262144,0.00225866,1.16061e+08
ahin,start,apply_take,1,262144,0.0021591,1.21414e+08
ahin,start,apply_take,2,262144,0.00230205,1.13874e+08
ahin,start,clone_apply_take,0,20000,0.00216742,9.22758e+06
ahin,start,clone_apply_take,1,20000,0.0021355,9.36549e+06
ahin,start,clone_apply_take,2,20000,0.00222658,8.98237e+06
ahin,start,tree_expand_take,0,10000,0.00406675,2.45897e+06
ahin,start,tree_expand_take,1,10000,0.00396833,2.51995e+06
ahin,start,tree_expand_take,2,10000,0.00417925,2.39277e+06
ahin,refill,clone,0,80000,0.00799138,1.00108e+07
ahin,refill,clone,1,80000,0.00794838,1.0065e+07
ahin,refill,clone,2,80000,0.00786271,1.01746e+07
ahin,refill,legal_actions,0,20000,0.004484,4.4603e+06
ahin,refill,legal_actions,1,20000,0.00467421,4.2788e+06
ahin,refill,legal_actions,2,20000,0.00446296,4.48133e+06
ahin,refill,terminal,0,80000,5e-05,1.6e+09
ahin,refill,terminal,1,80000,4.9917e-05,1.60266e+09
ahin,refill,terminal,2,80000,6.4584e-05,1.2387e+09
ahin,refill,observation,0,20000,0.00797067,2.5092e+06
ahin,refill,observation,1,20000,0.00812567,2.46134e+06
ahin,refill,observation,2,20000,0.00804546,2.48587e+06
ahin,refill,apply_take,0,262144,0.00214871,1.22001e+08
ahin,refill,apply_take,1,262144,0.00219533,1.1941e+08
ahin,refill,apply_take,2,262144,0.0022278,1.1767e+08
ahin,refill,clone_apply_take,0,20000,0.00210183,9.5155e+06
ahin,refill,clone_apply_take,1,20000,0.00208692,9.58351e+06
ahin,refill,clone_apply_take,2,20000,0.00227871,8.7769e+06
ahin,refill,tree_expand_take,0,10000,0.00333462,2.99884e+06
ahin,refill,tree_expand_take,1,10000,0.00341471,2.92851e+06
ahin,refill,tree_expand_take,2,10000,0.00350283,2.85483e+06
ahin,mid,clone,0,80000,0.0115778,6.90978e+06
ahin,mid,clone,1,80000,0.011543,6.93061e+06
ahin,mid,clone,2,80000,0.0114453,6.98975e+06
ahin,mid,legal_actions,0,20000,0.00532692,3.75452e+06
ahin,mid,legal_actions,1,20000,0.00558308,3.58225e+06
ahin,mid,legal_actions,2,20000,0.00559583,3.57409e+06
ahin,mid,terminal,0,80000,5.175e-05,1.54589e+09
ahin,mid,terminal,1,80000,0.000142458,5.61569e+08
ahin,mid,terminal,2,80000,0.000155917,5.13094e+08
ahin,mid,observation,0,20000,0.00806133,2.48098e+06
ahin,mid,observation,1,20000,0.00794492,2.51733e+06
ahin,mid,observation,2,20000,0.00800529,2.49835e+06
ahin,mid,apply_take,0,262144,0.00221067,1.18581e+08
ahin,mid,apply_take,1,262144,0.00220918,1.18661e+08
ahin,mid,apply_take,2,262144,0.00234487,1.11794e+08
ahin,mid,clone_apply_take,0,20000,0.00311371,6.42321e+06
ahin,mid,clone_apply_take,1,20000,0.00319158,6.26648e+06
ahin,mid,clone_apply_take,2,20000,0.00295258,6.77373e+06
ahin,mid,tree_expand_take,0,10000,0.00440637,2.26944e+06
ahin,mid,tree_expand_take,1,10000,0.00455775,2.19407e+06
ahin,mid,tree_expand_take,2,10000,0.00442467,2.26006e+06
ahin,late,clone,0,80000,0.011955,6.69174e+06
ahin,late,clone,1,80000,0.0117238,6.82373e+06
ahin,late,clone,2,80000,0.0118122,6.77268e+06
ahin,late,legal_actions,0,20000,0.00532975,3.75252e+06
ahin,late,legal_actions,1,20000,0.00517,3.86847e+06
ahin,late,legal_actions,2,20000,0.00534679,3.74056e+06
ahin,late,terminal,0,80000,5.1167e-05,1.56351e+09
ahin,late,terminal,1,80000,0.000142084,5.63047e+08
ahin,late,terminal,2,80000,5.0542e-05,1.58284e+09
ahin,late,observation,0,20000,0.00813383,2.45887e+06
ahin,late,observation,1,20000,0.00809096,2.47189e+06
ahin,late,observation,2,20000,0.00809696,2.47006e+06
ahin,late,apply_take,0,262144,0.0021903,1.19684e+08
ahin,late,apply_take,1,262144,0.00219875,1.19224e+08
ahin,late,apply_take,2,262144,0.00221355,1.18427e+08
ahin,late,clone_apply_take,0,20000,0.00300512,6.6553e+06
ahin,late,clone_apply_take,1,20000,0.00303146,6.59748e+06
ahin,late,clone_apply_take,2,20000,0.00312554,6.39889e+06
ahin,late,tree_expand_take,0,10000,0.00423146,2.36325e+06
ahin,late,tree_expand_take,1,10000,0.00440562,2.26983e+06
ahin,late,tree_expand_take,2,10000,0.00417467,2.3954e+06
